conference,year,id,title,authors,status,url,scholar,folder,filename,path
weis2004,2004,weis2004_19,"Dissenting Opinion (on ""A Worst-Case Worm"")",Stuart Staniford,no_url,,https://scholar.google.com/scholar?q=%22Dissenting+Opinion+%28on+%22A+Worst-Case+Worm%22%29%22+Stuart+Staniford,papers/weis2004,weis2004_19_dissenting-opinion-on-a-worst-case-worm.pdf,papers/weis2004/weis2004_19_dissenting-opinion-on-a-worst-case-worm.pdf
weis2005,2005,weis2005_14,Privacy as a Base for Confidentiality,Sabah S. Al-Fedaghi,failed,https://web.archive.org/web/2005/http://infosecon.net/workshop/pdf/4.pdf,https://scholar.google.com/scholar?q=%22Privacy+as+a+Base+for+Confidentiality%22+Sabah+S.+Al-Fedaghi,papers/weis2005,weis2005_14_privacy-as-a-base-for-confidentiality.pdf,papers/weis2005/weis2005_14_privacy-as-a-base-for-confidentiality.pdf
weis2005,2005,weis2005_15,Cost Tradeoffs For Information Security Assurance,"Ritesh Kumar Tiwari, Kamalakar Karlapalem",failed,https://web.archive.org/web/2005/http://infosecon.net/workshop/pdf/24.pdf,https://scholar.google.com/scholar?q=%22Cost+Tradeoffs+For+Information+Security+Assurance%22+Ritesh+Kumar+Tiwari+Kamalakar+Karlapalem,papers/weis2005,weis2005_15_cost-tradeoffs-for-information-security-assurance.pdf,papers/weis2005/weis2005_15_cost-tradeoffs-for-information-security-assurance.pdf
weis2005,2005,weis2005_17,Understanding and Reversing the Profit Model of Spam,"Paul Judge, Dmitri Alperovitch, Weilai Yang",failed,https://web.archive.org/web/2005/http://infosecon.net/workshop/pdf/49.pdf,https://scholar.google.com/scholar?q=%22Understanding+and+Reversing+the+Profit+Model+of+Spam%22+Paul+Judge+Dmitri+Alperovitch+Weilai+Yang,papers/weis2005,weis2005_17_understanding-and-reversing-the-profit-model-of-spam.pdf,papers/weis2005/weis2005_17_understanding-and-reversing-the-profit-model-of-spam.pdf
weis2005,2005,weis2005_24,Bridging the Gap Between Computer Security and Legal Requirements,Christopher E. Everett,failed,https://web.archive.org/web/2005/http://infosecon.net/workshop/pdf/CE.pdf,https://scholar.google.com/scholar?q=%22Bridging+the+Gap+Between+Computer+Security+and+Legal+Requirements%22+Christopher+E.+Everett,papers/weis2005,weis2005_24_bridging-the-gap-between-computer-security-and-legal-require.pdf,papers/weis2005/weis2005_24_bridging-the-gap-between-computer-security-and-legal-require.pdf
weis2005,2005,weis2005_32,Keynote address,Ann Cavoukian,no_url,,https://scholar.google.com/scholar?q=%22Keynote+address%22+Ann+Cavoukian,papers/weis2005,weis2005_32_keynote-address.pdf,papers/weis2005/weis2005_32_keynote-address.pdf
weis2005,2005,weis2005_33,"Protecting Online Privacy: Self-Regulation, Mandatory Standards, or Caveat Emptor","Zhulei Tang, Yu (Jeffrey) Hu, Michael D. Smith",failed,https://web.archive.org/web/2005/http://infosecon.net/workshop/pdf/31.pdf,https://scholar.google.com/scholar?q=%22Protecting+Online+Privacy%3A+Self-Regulation%2C+Mandatory+Standards%2C+or+Caveat+Emptor%22+Zhulei+Tang+Yu+%28Jeffrey%29+Hu+Michael+D.+Smith,papers/weis2005,weis2005_33_protecting-online-privacy-self-regulation-mandatory-standard.pdf,papers/weis2005/weis2005_33_protecting-online-privacy-self-regulation-mandatory-standard.pdf
weis2005,2005,weis2005_35,Protecting Personal Information: Obstacles and Directions,"Rachel Greenstadt, Michael D. Smith",failed,https://web.archive.org/web/2005/http://infosecon.net/workshop/pdf/48.pdf,https://scholar.google.com/scholar?q=%22Protecting+Personal+Information%3A+Obstacles+and+Directions%22+Rachel+Greenstadt+Michael+D.+Smith,papers/weis2005,weis2005_35_protecting-personal-information-obstacles-and-directions.pdf,papers/weis2005/weis2005_35_protecting-personal-information-obstacles-and-directions.pdf
weis2006,2006,weis2006_02,The Effect of Stock Spam on Financial Markets,"Rainer Boehme, Thorsten Holz",failed,http://ssrn.com/abstract=897431,https://scholar.google.com/scholar?q=%22The+Effect+of+Stock+Spam+on+Financial+Markets%22+Rainer+Boehme+Thorsten+Holz,papers/weis2006,weis2006_02_the-effect-of-stock-spam-on-financial-markets.pdf,papers/weis2006/weis2006_02_the-effect-of-stock-spam-on-financial-markets.pdf
weis2007,2007,weis2007_12,Measuring Security Investment Benefit for Off the Shelf Software Systems - A Stakeholder Value Driven Approach,"Yue Chen, Barry Boehm, Luke Sheppard",failed,http://weis2007.econinfosec.org/papers/46.pdf,https://scholar.google.com/scholar?q=%22Measuring+Security+Investment+Benefit+for+Off+the+Shelf+Software+Systems+-+A+Stakeholder+Value+Driven+Approach%22+Yue+Chen+Barry+Boehm+Luke+Sheppard,papers/weis2007,weis2007_12_measuring-security-investment-benefit-for-off-the-shelf-soft.pdf,papers/weis2007/weis2007_12_measuring-security-investment-benefit-for-off-the-shelf-soft.pdf
weis2007,2007,weis2007_13,Incentive Design for Free but No Free Disposal Services: The Case of Personalization under Privacy Concerns,"Ramnath K. Chellappa, Shivendu Shivendu",failed,http://weis2007.econinfosec.org/papers/48.pdf,https://scholar.google.com/scholar?q=%22Incentive+Design+for+Free+but+No+Free+Disposal+Services%3A+The+Case+of+Personalization+under+Privacy+Concerns%22+Ramnath+K.+Chellappa+Shivendu+Shivendu,papers/weis2007,weis2007_13_incentive-design-for-free-but-no-free-disposal-services-the.pdf,papers/weis2007/weis2007_13_incentive-design-for-free-but-no-free-disposal-services-the.pdf
weis2007,2007,weis2007_21,The Gordon-Loeb Investment Model Generalized: Time Dependent Multiple Threats and Breach Losses over an Investment Period,Rolf Hulthen,no_url,,https://scholar.google.com/scholar?q=%22The+Gordon-Loeb+Investment+Model+Generalized%3A+Time+Dependent+Multiple+Threats+and+Breach+Losses+over+an+Investment+Period%22+Rolf+Hulthen,papers/weis2007,weis2007_21_the-gordon-loeb-investment-model-generalized-time-dependent.pdf,papers/weis2007/weis2007_21_the-gordon-loeb-investment-model-generalized-time-dependent.pdf
weis2007,2007,weis2007_22,"An Uneasy Relationship: Cyber Security Information Sharing, Communications Privacy, and the Boundaries of the Firm",Aaron Burstein,no_url,,https://scholar.google.com/scholar?q=%22An+Uneasy+Relationship%3A+Cyber+Security+Information+Sharing%2C+Communications+Privacy%2C+and+the+Boundaries+of+the+Firm%22+Aaron+Burstein,papers/weis2007,weis2007_22_an-uneasy-relationship-cyber-security-information-sharing-co.pdf,papers/weis2007/weis2007_22_an-uneasy-relationship-cyber-security-information-sharing-co.pdf
weis2007,2007,weis2007_23,"Hiding, Seeking, and the Evolution of Privacy Behavior",Stefan Dodds,no_url,,https://scholar.google.com/scholar?q=%22Hiding%2C+Seeking%2C+and+the+Evolution+of+Privacy+Behavior%22+Stefan+Dodds,papers/weis2007,weis2007_23_hiding-seeking-and-the-evolution-of-privacy-behavior.pdf,papers/weis2007/weis2007_23_hiding-seeking-and-the-evolution-of-privacy-behavior.pdf
weis2007,2007,weis2007_24,A Reputation Mechanism for Software Vulnerability Disclosure and Patch Release,"Xia Zhao, Jianqing Chen, Andrew B. Whinston",no_url,,https://scholar.google.com/scholar?q=%22A+Reputation+Mechanism+for+Software+Vulnerability+Disclosure+and+Patch+Release%22+Xia+Zhao+Jianqing+Chen+Andrew+B.+Whinston,papers/weis2007,weis2007_24_a-reputation-mechanism-for-software-vulnerability-disclosure.pdf,papers/weis2007/weis2007_24_a-reputation-mechanism-for-software-vulnerability-disclosure.pdf
weis2007,2007,weis2007_25,A Survival Analysis of Disclosed Security Breaches,"Xiaodong Jin, Dan Yomine",no_url,,https://scholar.google.com/scholar?q=%22A+Survival+Analysis+of+Disclosed+Security+Breaches%22+Xiaodong+Jin+Dan+Yomine,papers/weis2007,weis2007_25_a-survival-analysis-of-disclosed-security-breaches.pdf,papers/weis2007/weis2007_25_a-survival-analysis-of-disclosed-security-breaches.pdf
weis2008,2008,weis2008_01,Conference Welcome and Overview,M. Eric Johnson,no_url,,https://scholar.google.com/scholar?q=%22Conference+Welcome+and+Overview%22+M.+Eric+Johnson,papers/weis2008,weis2008_01_conference-welcome-and-overview.pdf,papers/weis2008/weis2008_01_conference-welcome-and-overview.pdf
weis2008,2008,weis2008_05,Communicating Security – The Role of Media: A Journalistic Perspective (panel slides),,no_url,,https://scholar.google.com/scholar?q=%22Communicating+Security+%E2%80%93+The+Role+of+Media%3A+A+Journalistic+Perspective+%28panel+slides%29%22+,papers/weis2008,weis2008_05_communicating-security-the-role-of-media-a-journalistic-pers.pdf,papers/weis2008/weis2008_05_communicating-security-the-role-of-media-a-journalistic-pers.pdf
weis2008,2008,weis2008_06,CISO Perspective – Evaluating and Communicating Information Risk (panel slides),,no_url,,https://scholar.google.com/scholar?q=%22CISO+Perspective+%E2%80%93+Evaluating+and+Communicating+Information+Risk+%28panel+slides%29%22+,papers/weis2008,weis2008_06_ciso-perspective-evaluating-and-communicating-information-ri.pdf,papers/weis2008/weis2008_06_ciso-perspective-evaluating-and-communicating-information-ri.pdf
weis2008,2008,weis2008_19,Investigating and Prosecuting Cybercrime (panel slides),,no_url,,https://scholar.google.com/scholar?q=%22Investigating+and+Prosecuting+Cybercrime+%28panel+slides%29%22+,papers/weis2008,weis2008_19_investigating-and-prosecuting-cybercrime-panel-slides.pdf,papers/weis2008/weis2008_19_investigating-and-prosecuting-cybercrime-panel-slides.pdf
weis2009,2009,weis2009_01,Social Insecurity: The Unintended Consequences of Identity Fraud Prevention Policies,"Alessandro Acquisti, Ralph Gross",failed,https://web.archive.org/web/20111118174712/http://weis09.infosecon.net/files/102/paper102.pdf,https://scholar.google.com/scholar?q=%22Social+Insecurity%3A+The+Unintended+Consequences+of+Identity+Fraud+Prevention+Policies%22+Alessandro+Acquisti+Ralph+Gross,papers/weis2009,weis2009_01_social-insecurity-the-unintended-consequences-of-identity-fr.pdf,papers/weis2009/weis2009_01_social-insecurity-the-unintended-consequences-of-identity-fr.pdf
weis2009,2009,weis2009_07,The Impact of Relative Standards on Concern About Privacy,"Alessandro Acquisti, Leslie John, George Loewenstein",failed,https://web.archive.org/web/20111118174712/http://weis09.infosecon.net/files/132/paper132.pdf,https://scholar.google.com/scholar?q=%22The+Impact+of+Relative+Standards+on+Concern+About+Privacy%22+Alessandro+Acquisti+Leslie+John+George+Loewenstein,papers/weis2009,weis2009_07_the-impact-of-relative-standards-on-concern-about-privacy.pdf,papers/weis2009/weis2009_07_the-impact-of-relative-standards-on-concern-about-privacy.pdf
weis2010,2010,weis2010_03,Market Impact on IT Security Spending,"Bora Kolfal, Raymond Patterson, Lisa Yeo",no_url,,https://scholar.google.com/scholar?q=%22Market+Impact+on+IT+Security+Spending%22+Bora+Kolfal+Raymond+Patterson+Lisa+Yeo,papers/weis2010,weis2010_03_market-impact-on-it-security-spending.pdf,papers/weis2010/weis2010_03_market-impact-on-it-security-spending.pdf
weis2010,2010,weis2010_18,Panel presentation (slides only),Ross Anderson,no_url,,https://scholar.google.com/scholar?q=%22Panel+presentation+%28slides+only%29%22+Ross+Anderson,papers/weis2010,weis2010_18_panel-presentation-slides-only.pdf,papers/weis2010/weis2010_18_panel-presentation-slides-only.pdf
weis2010,2010,weis2010_20,Modeling Cyber-Insurance: Towards A Unifying Framework,"Rainer Böhme, Galina Schwartz",failed,http://weis2010.econinfosec.org/papers/session5/weis2010_boehme.pdf,https://scholar.google.com/scholar?q=%22Modeling+Cyber-Insurance%3A+Towards+A+Unifying+Framework%22+Rainer+B%C3%B6hme+Galina+Schwartz,papers/weis2010,weis2010_20_modeling-cyber-insurance-towards-a-unifying-framework.pdf,papers/weis2010/weis2010_20_modeling-cyber-insurance-towards-a-unifying-framework.pdf
weis2010,2010,weis2010_25,Structured Systems Economics for Security Management,"Adam Beautement, David Pym",failed,http://weis2010.econinfosec.org/papers/session6/weis2010_beautement.pdf,https://scholar.google.com/scholar?q=%22Structured+Systems+Economics+for+Security+Management%22+Adam+Beautement+David+Pym,papers/weis2010,weis2010_25_structured-systems-economics-for-security-management.pdf,papers/weis2010/weis2010_25_structured-systems-economics-for-security-management.pdf
weis2010,2010,weis2010_26,ISPs as Cyberecurity Providers,Brent Rowe,no_url,,https://scholar.google.com/scholar?q=%22ISPs+as+Cyberecurity+Providers%22+Brent+Rowe,papers/weis2010,weis2010_26_isps-as-cyberecurity-providers.pdf,papers/weis2010/weis2010_26_isps-as-cyberecurity-providers.pdf
weis2010,2010,weis2010_27,Security as Goodwill?,Doron Becker,no_url,,https://scholar.google.com/scholar?q=%22Security+as+Goodwill%3F%22+Doron+Becker,papers/weis2010,weis2010_27_security-as-goodwill.pdf,papers/weis2010/weis2010_27_security-as-goodwill.pdf
weis2010,2010,weis2010_28,Security Investment with Penetration Testing,Mark Felegyhazi,no_url,,https://scholar.google.com/scholar?q=%22Security+Investment+with+Penetration+Testing%22+Mark+Felegyhazi,papers/weis2010,weis2010_28_security-investment-with-penetration-testing.pdf,papers/weis2010/weis2010_28_security-investment-with-penetration-testing.pdf
weis2010,2010,weis2010_29,Chip and PIN Policy,Steven Murdoch,no_url,,https://scholar.google.com/scholar?q=%22Chip+and+PIN+Policy%22+Steven+Murdoch,papers/weis2010,weis2010_29_chip-and-pin-policy.pdf,papers/weis2010/weis2010_29_chip-and-pin-policy.pdf
weis2010,2010,weis2010_30,Policy Recommendations for Improving Cybersecurity,Tyler Moore,no_url,,https://scholar.google.com/scholar?q=%22Policy+Recommendations+for+Improving+Cybersecurity%22+Tyler+Moore,papers/weis2010,weis2010_30_policy-recommendations-for-improving-cybersecurity.pdf,papers/weis2010/weis2010_30_policy-recommendations-for-improving-cybersecurity.pdf
weis2010,2010,weis2010_31,Product-Validation Systems and EIS,Kanta Matsuura,no_url,,https://scholar.google.com/scholar?q=%22Product-Validation+Systems+and+EIS%22+Kanta+Matsuura,papers/weis2010,weis2010_31_product-validation-systems-and-eis.pdf,papers/weis2010/weis2010_31_product-validation-systems-and-eis.pdf
weis2010,2010,weis2010_32,Rewards for Returning Lost Property,Jonathan Anderson,no_url,,https://scholar.google.com/scholar?q=%22Rewards+for+Returning+Lost+Property%22+Jonathan+Anderson,papers/weis2010,weis2010_32_rewards-for-returning-lost-property.pdf,papers/weis2010/weis2010_32_rewards-for-returning-lost-property.pdf
weis2010,2010,weis2010_33,Consumer Acceptance for Secondary Use,Haruo Takasaki,no_url,,https://scholar.google.com/scholar?q=%22Consumer+Acceptance+for+Secondary+Use%22+Haruo+Takasaki,papers/weis2010,weis2010_33_consumer-acceptance-for-secondary-use.pdf,papers/weis2010/weis2010_33_consumer-acceptance-for-secondary-use.pdf
weis2010,2010,weis2010_34,Announcements,Russell Cameron Thomas,no_url,,https://scholar.google.com/scholar?q=%22Announcements%22+Russell+Cameron+Thomas,papers/weis2010,weis2010_34_announcements.pdf,papers/weis2010/weis2010_34_announcements.pdf
weis2010,2010,weis2010_35,Passwords and Intimacy,Joseph Bonneau,no_url,,https://scholar.google.com/scholar?q=%22Passwords+and+Intimacy%22+Joseph+Bonneau,papers/weis2010,weis2010_35_passwords-and-intimacy.pdf,papers/weis2010/weis2010_35_passwords-and-intimacy.pdf
weis2010,2010,weis2010_37,Determining the Difficulty of Security Problems,Steve Borbash,no_url,,https://scholar.google.com/scholar?q=%22Determining+the+Difficulty+of+Security+Problems%22+Steve+Borbash,papers/weis2010,weis2010_37_determining-the-difficulty-of-security-problems.pdf,papers/weis2010/weis2010_37_determining-the-difficulty-of-security-problems.pdf
weis2010,2010,weis2010_38,We Have Data!,Roger Dingledine,no_url,,https://scholar.google.com/scholar?q=%22We+Have+Data%21%22+Roger+Dingledine,papers/weis2010,weis2010_38_we-have-data.pdf,papers/weis2010/weis2010_38_we-have-data.pdf
weis2011,2011,weis2011_01,The Impact of Immediate Disclosure on Attack Diffusion and Volume,"Sam Ransbotham, Sabyasachi Mitra",failed,http://weis2011.econinfosec.org/papers/The%20Impact%20of%20Immediate%20Disclosure%20on%20Attack%20Diffusion%20and%20.pdf,https://scholar.google.com/scholar?q=%22The+Impact+of+Immediate+Disclosure+on+Attack+Diffusion+and+Volume%22+Sam+Ransbotham+Sabyasachi+Mitra,papers/weis2011,weis2011_01_the-impact-of-immediate-disclosure-on-attack-diffusion-and-v.pdf,papers/weis2011/weis2011_01_the-impact-of-immediate-disclosure-on-attack-diffusion-and-v.pdf
weis2011,2011,weis2011_08,Negative Information Looms Longer than Positive Information,"Laura Brandimarte, Alessandro Acquisti, Joachim Vosgerau",no_url,,https://scholar.google.com/scholar?q=%22Negative+Information+Looms+Longer+than+Positive+Information%22+Laura+Brandimarte+Alessandro+Acquisti+Joachim+Vosgerau,papers/weis2011,weis2011_08_negative-information-looms-longer-than-positive-information.pdf,papers/weis2011/weis2011_08_negative-information-looms-longer-than-positive-information.pdf
weis2011,2011,weis2011_14,Assessing Home Internet Users' Demand for Security: Will They Pay ISPs?,"Dallas Wood, Brent Rowe",failed,http://weis2011.econinfosec.org/papers/Assessing%20Home%20Internet%20Users%20Demand%20for%20Security%20-%20Will%20T.pdf,https://scholar.google.com/scholar?q=%22Assessing+Home+Internet+Users%27+Demand+for+Security%3A+Will+They+Pay+ISPs%3F%22+Dallas+Wood+Brent+Rowe,papers/weis2011,weis2011_14_assessing-home-internet-users-demand-for-security-will-they.pdf,papers/weis2011/weis2011_14_assessing-home-internet-users-demand-for-security-will-they.pdf
weis2011,2011,weis2011_15,Presentation 1,,no_url,,https://scholar.google.com/scholar?q=%22Presentation+1%22+,papers/weis2011,weis2011_15_presentation-1.pdf,papers/weis2011/weis2011_15_presentation-1.pdf
weis2011,2011,weis2011_16,Presentation 2,,no_url,,https://scholar.google.com/scholar?q=%22Presentation+2%22+,papers/weis2011,weis2011_16_presentation-2.pdf,papers/weis2011/weis2011_16_presentation-2.pdf
weis2011,2011,weis2011_18,Security Standardization in the Presence of Unverifiable Control,"Chul H. Lee, Xianjun Geng, Srinivasan Raghunathan",failed,http://weis2011.econinfosec.org/papers/Security%20Standardization%20in%20the%20Presence%20of%20Unverifiable%20Co.pdf,https://scholar.google.com/scholar?q=%22Security+Standardization+in+the+Presence+of+Unverifiable+Control%22+Chul+H.+Lee+Xianjun+Geng+Srinivasan+Raghunathan,papers/weis2011,weis2011_18_security-standardization-in-the-presence-of-unverifiable-con.pdf,papers/weis2011/weis2011_18_security-standardization-in-the-presence-of-unverifiable-con.pdf
weis2011,2011,weis2011_19,Economic Methods and Decision Making by Security Professionals,"Simon Shiu, Adrian Baldwin, Yolanta Beres, Marco Cassa Mont, Geoff Duggan",failed,http://weis2011.econinfosec.org/papers/Economic%20methods%20and%20decision%20making%20by%20security%20profession.pdf,https://scholar.google.com/scholar?q=%22Economic+Methods+and+Decision+Making+by+Security+Professionals%22+Simon+Shiu+Adrian+Baldwin+Yolanta+Beres+Marco+Cassa+Mont+Geoff+Duggan,papers/weis2011,weis2011_19_economic-methods-and-decision-making-by-security-professiona.pdf,papers/weis2011/weis2011_19_economic-methods-and-decision-making-by-security-professiona.pdf
weis2011,2011,weis2011_20,Real Name Verification Law on the Internet: a Poison or Cure for Privacy?,Daegon Cho,failed,http://weis2011.econinfosec.org/papers/Real%20Name%20Verification%20Law%20on%20the%20Internet%20-%20A%20Poison%20or%20Cu.pdf,https://scholar.google.com/scholar?q=%22Real+Name+Verification+Law+on+the+Internet%3A+a+Poison+or+Cure+for+Privacy%3F%22+Daegon+Cho,papers/weis2011,weis2011_20_real-name-verification-law-on-the-internet-a-poison-or-cure.pdf,papers/weis2011/weis2011_20_real-name-verification-law-on-the-internet-a-poison-or-cure.pdf
weis2011,2011,weis2011_21,Health Disclosure Laws and Health Information Exchanges,"Idris Adjerid, Alessandro Acquisti, Rema Padman, Rahul Telang, Julia Adler-Milstein",failed,http://weis2011.econinfosec.org/papers/HIE%20Disclosure%20Paper%20WEIS%202011.pdf,https://scholar.google.com/scholar?q=%22Health+Disclosure+Laws+and+Health+Information+Exchanges%22+Idris+Adjerid+Alessandro+Acquisti+Rema+Padman+Rahul+Telang+Julia+Adler-Milstein,papers/weis2011,weis2011_21_health-disclosure-laws-and-health-information-exchanges.pdf,papers/weis2011/weis2011_21_health-disclosure-laws-and-health-information-exchanges.pdf
weis2012,2012,weis2012_09,Can We Afford Integrity by Proof-of-Work? Scenarios Inspired by the Bitcoin Currency,"Jörg Becker, Dominic Breuker, Tobias Heide, Justus Holler, Hans Peter Rauer, Rainer Böhme",failed,http://papers.ssrn.com/sol3/papers.cfm?abstract_id=2041492,https://scholar.google.com/scholar?q=%22Can+We+Afford+Integrity+by+Proof-of-Work%3F+Scenarios+Inspired+by+the+Bitcoin+Currency%22+J%C3%B6rg+Becker+Dominic+Breuker+Tobias+Heide+Justus+Holler+Hans+Peter+Rauer+Rainer+B%C3%B6hme,papers/weis2012,weis2012_09_can-we-afford-integrity-by-proof-of-work-scenarios-inspired.pdf,papers/weis2012/weis2012_09_can-we-afford-integrity-by-proof-of-work-scenarios-inspired.pdf
weis2012,2012,weis2012_17,The Effect of Fraud Investigation Cost on Pay-Per-Click Advertising,"Min Chen, Varghese Jacob, Suresh Radhakrishnan, Young Ryu",failed,http://weis2012.econinfosec.org/papers/Chen_WEIS2012.pdf,https://scholar.google.com/scholar?q=%22The+Effect+of+Fraud+Investigation+Cost+on+Pay-Per-Click+Advertising%22+Min+Chen+Varghese+Jacob+Suresh+Radhakrishnan+Young+Ryu,papers/weis2012,weis2012_17_the-effect-of-fraud-investigation-cost-on-pay-per-click-adve.pdf,papers/weis2012/weis2012_17_the-effect-of-fraud-investigation-cost-on-pay-per-click-adve.pdf
weis2012,2012,weis2012_21,'Maybe We Spend Too Much?',Bruce Schneier,no_url,,https://scholar.google.com/scholar?q=%22%27Maybe+We+Spend+Too+Much%3F%27%22+Bruce+Schneier,papers/weis2012,weis2012_21_maybe-we-spend-too-much.pdf,papers/weis2012/weis2012_21_maybe-we-spend-too-much.pdf
weis2012,2012,weis2012_22,"'No, We Don't Spend Enough!'",Ross Anderson,no_url,,https://scholar.google.com/scholar?q=%22%27No%2C+We+Don%27t+Spend+Enough%21%27%22+Ross+Anderson,papers/weis2012,weis2012_22_no-we-don-t-spend-enough.pdf,papers/weis2012/weis2012_22_no-we-don-t-spend-enough.pdf
weis2013,2013,weis2013_02,How Bad Is It? – A Branching Activity Model to Estimate the Impact of Information Security Breaches,"Russell Thomas, Marcin Antkiewicz, Patrick Florer, Suzanne Widup, Matthew Woodyard",failed,http://weis2013.econinfosec.org/papers/ThomasWEIS2013.pdf,https://scholar.google.com/scholar?q=%22How+Bad+Is+It%3F+%E2%80%93+A+Branching+Activity+Model+to+Estimate+the+Impact+of+Information+Security+Breaches%22+Russell+Thomas+Marcin+Antkiewicz+Patrick+Florer+Suzanne+Widup+Matthew+Woodyard,papers/weis2013,weis2013_02_how-bad-is-it-a-branching-activity-model-to-estimate-the-imp.pdf,papers/weis2013/weis2013_02_how-bad-is-it-a-branching-activity-model-to-estimate-the-imp.pdf
weis2013,2013,weis2013_06,Privacy Controls and Information Disclosure Behavior of Online Social Network Users,"Huseyin Cavusoglu, Tuan Phan, Hasan Cavusoglu",failed,http://weis2013.econinfosec.org/papers/CavusogluWEIS2013.pdf,https://scholar.google.com/scholar?q=%22Privacy+Controls+and+Information+Disclosure+Behavior+of+Online+Social+Network+Users%22+Huseyin+Cavusoglu+Tuan+Phan+Hasan+Cavusoglu,papers/weis2013,weis2013_06_privacy-controls-and-information-disclosure-behavior-of-onli.pdf,papers/weis2013/weis2013_06_privacy-controls-and-information-disclosure-behavior-of-onli.pdf
weis2013,2013,weis2013_07,The Value of Privacy in Web Search,Sören Preibusch,failed,http://weis2013.econinfosec.org/papers/PreibuschWEIS2013.pdf,https://scholar.google.com/scholar?q=%22The+Value+of+Privacy+in+Web+Search%22+S%C3%B6ren+Preibusch,papers/weis2013,weis2013_07_the-value-of-privacy-in-web-search.pdf,papers/weis2013/weis2013_07_the-value-of-privacy-in-web-search.pdf
weis2013,2013,weis2013_08,"Einstein on the Breach: Surveillance Technology, Cybersecurity, and Organizational Change","Andreas Kuehn, Milton Mueller",failed,http://weis2013.econinfosec.org/papers/MuellerKuehnWEIS2013.pdf,https://scholar.google.com/scholar?q=%22Einstein+on+the+Breach%3A+Surveillance+Technology%2C+Cybersecurity%2C+and+Organizational+Change%22+Andreas+Kuehn+Milton+Mueller,papers/weis2013,weis2013_08_einstein-on-the-breach-surveillance-technology-cybersecurity.pdf,papers/weis2013/weis2013_08_einstein-on-the-breach-surveillance-technology-cybersecurity.pdf
weis2013,2013,weis2013_10,On the Viability of Using Liability to Incentivise Internet Security,"Huw Fryer, Roksana Moore, Tim Chown",failed,http://weis2013.econinfosec.org/papers/FryerMooreChownWEIS2013.pdf,https://scholar.google.com/scholar?q=%22On+the+Viability+of+Using+Liability+to+Incentivise+Internet+Security%22+Huw+Fryer+Roksana+Moore+Tim+Chown,papers/weis2013,weis2013_10_on-the-viability-of-using-liability-to-incentivise-internet.pdf,papers/weis2013/weis2013_10_on-the-viability-of-using-liability-to-incentivise-internet.pdf
weis2013,2013,weis2013_11,Improving Internet Security Through Social Information and Social Comparison: A Field Quasi-Experiment,"Qian Tang, Leigh Linden, John Quarterman, Andrew Whinston",failed,http://weis2013.econinfosec.org/papers/TangWEIS2013.pdf,https://scholar.google.com/scholar?q=%22Improving+Internet+Security+Through+Social+Information+and+Social+Comparison%3A+A+Field+Quasi-Experiment%22+Qian+Tang+Leigh+Linden+John+Quarterman+Andrew+Whinston,papers/weis2013,weis2013_11_improving-internet-security-through-social-information-and-s.pdf,papers/weis2013/weis2013_11_improving-internet-security-through-social-information-and-s.pdf
weis2013,2013,weis2013_12,Small World: Collisions Among Attacks in a Finite Population,Cormac Herley,failed,http://weis2013.econinfosec.org/papers/HerleyWEIS2013.pdf,https://scholar.google.com/scholar?q=%22Small+World%3A+Collisions+Among+Attacks+in+a+Finite+Population%22+Cormac+Herley,papers/weis2013,weis2013_12_small-world-collisions-among-attacks-in-a-finite-population.pdf,papers/weis2013/weis2013_12_small-world-collisions-among-attacks-in-a-finite-population.pdf
weis2013,2013,weis2013_17,Incentive Analysis of Bidirectional Filtering in the Internet,"Mhr Khouzani, Soumya Sen, Ness B. Shroff",failed,http://weis2013.econinfosec.org/papers/KhouzaniSenShroffWEIS2013.pdf,https://scholar.google.com/scholar?q=%22Incentive+Analysis+of+Bidirectional+Filtering+in+the+Internet%22+Mhr+Khouzani+Soumya+Sen+Ness+B.+Shroff,papers/weis2013,weis2013_17_incentive-analysis-of-bidirectional-filtering-in-the-interne.pdf,papers/weis2013/weis2013_17_incentive-analysis-of-bidirectional-filtering-in-the-interne.pdf
weis2013,2013,weis2013_20,An Experiment in Hiring Discrimination via Online Social Networks,"Alessandro Acquisti, Christina Fong",failed,http://weis2013.econinfosec.org/papers/AcquistiFong-abstract-WEIS2013.pdf,https://scholar.google.com/scholar?q=%22An+Experiment+in+Hiring+Discrimination+via+Online+Social+Networks%22+Alessandro+Acquisti+Christina+Fong,papers/weis2013,weis2013_20_an-experiment-in-hiring-discrimination-via-online-social-net.pdf,papers/weis2013/weis2013_20_an-experiment-in-hiring-discrimination-via-online-social-net.pdf
weis2014,2014,weis2014_06,Automation and Disruption in Stolen Payment Card Markets,"Timothy Peacock, Allan Friedman",failed,http://weis2014.econinfosec.org/papers/PeacockFriedman-WEIS2014.pdf,https://scholar.google.com/scholar?q=%22Automation+and+Disruption+in+Stolen+Payment+Card+Markets%22+Timothy+Peacock+Allan+Friedman,papers/weis2014,weis2014_06_automation-and-disruption-in-stolen-payment-card-markets.pdf,papers/weis2014/weis2014_06_automation-and-disruption-in-stolen-payment-card-markets.pdf
weis2014,2014,weis2014_07,Defending Debit: A Historical Study of the Indirect Effects of the Durbin Amendment on Investment in Debit Card Security,Allison Miller,failed,http://weis2014.econinfosec.org/papers/Miller-WEIS2014.pdf,https://scholar.google.com/scholar?q=%22Defending+Debit%3A+A+Historical+Study+of+the+Indirect+Effects+of+the+Durbin+Amendment+on+Investment+in+Debit+Card+Security%22+Allison+Miller,papers/weis2014,weis2014_07_defending-debit-a-historical-study-of-the-indirect-effects-o.pdf,papers/weis2014/weis2014_07_defending-debit-a-historical-study-of-the-indirect-effects-o.pdf
weis2014,2014,weis2014_10,Why Them? Extracting Intelligence about Target Selection from Zeus Financial Malware,"Samaneh Tajalizadehkhoob, Hadi Asghari, Carlos Gañán, Michel van Eeten",failed,http://weis2014.econinfosec.org/papers/Tajalizadehkhoob-WEIS2014.pdf,https://scholar.google.com/scholar?q=%22Why+Them%3F+Extracting+Intelligence+about+Target+Selection+from+Zeus+Financial+Malware%22+Samaneh+Tajalizadehkhoob+Hadi+Asghari+Carlos+Ga%C3%B1%C3%A1n+Michel+van+Eeten,papers/weis2014,weis2014_10_why-them-extracting-intelligence-about-target-selection-from.pdf,papers/weis2014/weis2014_10_why-them-extracting-intelligence-about-target-selection-from.pdf
weis2014,2014,weis2014_17,"Analysis of Japanese Loyalty Programs Considering Liquidity, Security Efforts, and Actual Security Levels","Bongkot Jenjarrussakul, Kanta Matsuura",failed,http://weis2014.econinfosec.org/papers/JenjarrussakulMatsuura-WEIS2014.pdf,https://scholar.google.com/scholar?q=%22Analysis+of+Japanese+Loyalty+Programs+Considering+Liquidity%2C+Security+Efforts%2C+and+Actual+Security+Levels%22+Bongkot+Jenjarrussakul+Kanta+Matsuura,papers/weis2014,weis2014_17_analysis-of-japanese-loyalty-programs-considering-liquidity.pdf,papers/weis2014/weis2014_17_analysis-of-japanese-loyalty-programs-considering-liquidity.pdf
weis2014,2014,weis2014_18,Framing and the Malleability of Privacy Choices,"Idris Adjerid, Alessandro Acquisti, George Loewenstein",failed,http://weis2014.econinfosec.org/papers/AdjeridAcquistiLoewenstein-WEIS2014.pdf,https://scholar.google.com/scholar?q=%22Framing+and+the+Malleability+of+Privacy+Choices%22+Idris+Adjerid+Alessandro+Acquisti+George+Loewenstein,papers/weis2014,weis2014_18_framing-and-the-malleability-of-privacy-choices.pdf,papers/weis2014/weis2014_18_framing-and-the-malleability-of-privacy-choices.pdf
weis2014,2014,weis2014_20,Aiming at a More Cost-Efficient Census Via Online Data Collection: Privacy Trade-Offs of Geo-Location,"Laura Brandimarte, Alessandro Acquisti",failed,http://weis2014.econinfosec.org/papers/BrandimarteAcquisti-WEIS2014.pdf,https://scholar.google.com/scholar?q=%22Aiming+at+a+More+Cost-Efficient+Census+Via+Online+Data+Collection%3A+Privacy+Trade-Offs+of+Geo-Location%22+Laura+Brandimarte+Alessandro+Acquisti,papers/weis2014,weis2014_20_aiming-at-a-more-cost-efficient-census-via-online-data-colle.pdf,papers/weis2014/weis2014_20_aiming-at-a-more-cost-efficient-census-via-online-data-colle.pdf
weis2015,2015,weis2015_05,Online Self-Disclosure and Offline Threat Detection,"Alessandro Acquisti, Laura Brandimarte, Jeff Hancock",failed,http://weis2015.econinfosec.org/papers/WEIS_2015_acquisti.pdf,https://scholar.google.com/scholar?q=%22Online+Self-Disclosure+and+Offline+Threat+Detection%22+Alessandro+Acquisti+Laura+Brandimarte+Jeff+Hancock,papers/weis2015,weis2015_05_online-self-disclosure-and-offline-threat-detection.pdf,papers/weis2015/weis2015_05_online-self-disclosure-and-offline-threat-detection.pdf
weis2017,2017,weis2017_05,Cost of a Cyber Incident,"Olga Livingston, Matthew Shabat, Tony Cheesebrough",no_url,,https://scholar.google.com/scholar?q=%22Cost+of+a+Cyber+Incident%22+Olga+Livingston+Matthew+Shabat+Tony+Cheesebrough,papers/weis2017,weis2017_05_cost-of-a-cyber-incident.pdf,papers/weis2017/weis2017_05_cost-of-a-cyber-incident.pdf
weis2026,2026,weis2026_09,Privacy Agents in the Field,"Aileen Nielsen, Yafit Lev-Aretz",no_url,,https://scholar.google.com/scholar?q=%22Privacy+Agents+in+the+Field%22+Aileen+Nielsen+Yafit+Lev-Aretz,papers/weis2026,weis2026_09_privacy-agents-in-the-field.pdf,papers/weis2026/weis2026_09_privacy-agents-in-the-field.pdf
weis2026,2026,weis2026_11,Privacy Interventions and Publishers' Revenues: Evidence on Long-Run Effects and Ad-Traffic Heterogeneity,"Tobias Kircher, Riley Grossman, Mike Smith, Alessandro Acquisti, Cristian Borcea, Yi Chen, Cristobal Cheyre",no_url,,https://scholar.google.com/scholar?q=%22Privacy+Interventions+and+Publishers%27+Revenues%3A+Evidence+on+Long-Run+Effects+and+Ad-Traffic+Heterogeneity%22+Tobias+Kircher+Riley+Grossman+Mike+Smith+Alessandro+Acquisti+Cristian+Borcea+Yi+Chen+Cristobal+Cheyre,papers/weis2026,weis2026_11_privacy-interventions-and-publishers-revenues-evidence-on-lo.pdf,papers/weis2026/weis2026_11_privacy-interventions-and-publishers-revenues-evidence-on-lo.pdf
